{
  "lulu": {
    "start": [
      [
        -0.30031096935272217,
        0.5,
        7.749620749564201e-07
      ],
      [
        -0.247615247964859,
        0.34378984570503235,
        0.07684744894504547
      ],
      [
        -0.17357338964939117,
        -0.08478553593158722,
        0.10746324807405472
      ],
      [
        -0.21422027051448822,
        -0.10122018307447433,
        0.11926397681236267
      ],
      [
        0.17554070055484772,
        -0.429462194442749,
        0.07004952430725098
      ],
      [
        -0.18921785056591034,
        -0.10961025208234787,
        0.052119046449661255
      ],
      [
        0.30031096935272217,
        -0.32152605056762695,
        -0.017815111204981804
      ],
      [
        -0.15808513760566711,
        -0.09983555227518082,
        -0.01817164197564125
      ],
      [
        0.2720487117767334,
        -0.36781975626945496,
        -0.07084687054157257
      ],
      [
        -0.11395664513111115,
        -0.07712011784315109,
        -0.08630122244358063
      ],
      [
        0.09322882443666458,
        -0.5,
        -0.10380981117486954
      ]
    ],
    "mid1": [
      [
        -0.3471510410308838,
        0.5,
        9.994570291382843e-07
      ],
      [
        -0.25498396158218384,
        0.3127819001674652,
        0.07271910458803177
      ],
      [
        -0.06103578954935074,
        -0.18187104165554047,
        0.05631498619914055
      ],
      [
        -0.25416579842567444,
        -0.12694650888442993,
        0.050323374569416046
      ],
      [
        0.19655509293079376,
        -0.45689529180526733,
        -0.04887847974896431
      ],
      [
        -0.24234208464622498,
        -0.11992624402046204,
        -0.024597223848104477
      ],
      [
        0.34715092182159424,
        -0.30003300309181213,
        -0.1437150239944458
      ],
      [
        -0.21940022706985474,
        -0.08806034177541733,
        -0.09929975122213364
      ],
      [
        0.32163095474243164,
        -0.34039559960365295,
        -0.1972256600856781
      ],
      [
        -0.18235646188259125,
        -0.04290802776813507,
        -0.16941075026988983
      ],
      [
        0.07580649107694626,
        -0.5,
        -0.2389502227306366
      ]
    ],
    "mid2": [
      [
        -0.3460138142108917,
        0.5000000596046448,
        1.206038064083259e-06
      ],
      [
        -0.2745959460735321,
        0.31218498945236206,
        0.060629166662693024
      ],
      [
        -0.11252036690711975,
        -0.1631646305322647,
        0.02348737046122551
      ],
      [
        -0.24492792785167694,
        -0.11489119380712509,
        0.02635902166366577
      ],
      [
        0.22389496862888336,
        -0.4263555407524109,
        -0.07812056690454483
      ],
      [
        -0.23418106138706207,
        -0.10104313492774963,
        -0.04070282354950905
      ],
      [
        0.3460136950016022,
        -0.3103846609592438,
        -0.15359900891780853
      ],
      [
        -0.208261176943779,
        -0.06304140388965607,
        -0.10766294598579407
      ],
      [
        0.31642889976501465,
        -0.3523798882961273,
        -0.19338253140449524
      ],
      [
        -0.1664949506521225,
        -0.010124904103577137,
        -0.17112024128437042
      ],
      [
        0.0772508829832077,
        -0.4999999403953552,
        -0.2205999493598938
      ]
    ],
    "end": [
      [
        -0.3306560516357422,
        0.5,
        9.861714715952985e-07
      ],
      [
        -0.25117847323417664,
        0.3266703188419342,
        0.07125673443078995
      ],
      [
        -0.04213779419660568,
        -0.10166973620653152,
        0.0567905567586422
      ],
      [
        -0.23687654733657837,
        -0.10374218970537186,
        0.0656711682677269
      ],
      [
        0.22002270817756653,
        -0.387235552072525,
        -0.016634501516819
      ],
      [
        -0.22065840661525726,
        -0.10534301400184631,
        -0.005459332372993231
      ],
      [
        0.33065593242645264,
        -0.29492175579071045,
        -0.09932228177785873
      ],
      [
        -0.18801777064800262,
        -0.08030923455953598,
        -0.07741459459066391
      ],
      [
        0.31530919671058655,
        -0.3399328589439392,
        -0.14919669926166534
      ],
      [
        -0.1346810758113861,
        -0.04168326035141945,
        -0.14602898061275482
      ],
      [
        0.09950844943523407,
        -0.5,
        -0.19168820977210999
      ]
    ]
  },
  "bad": {
    "start": [
      [
        -0.2882870137691498,
        -0.2194802463054657,
        -9.373245575261535e-07
      ],
      [
        -0.20176327228546143,
        0.01793276146054268,
        -0.07373365014791489
      ],
      [
        0.17377373576164246,
        0.5,
        -0.1604965478181839
      ],
      [
        0.16997432708740234,
        0.027945615351200104,
        -0.02168148383498192
      ],
      [
        0.08634945750236511,
        0.0016993401804938912,
        -0.16150738298892975
      ],
      [
        0.17501768469810486,
        -0.14988479018211365,
        -0.019594615325331688
      ],
      [
        0.08693971484899521,
        -0.1493225395679474,
        -0.09708638489246368
      ],
      [
        0.15787945687770844,
        -0.31450608372688293,
        -0.03432100638747215
      ],
      [
        0.08279188722372055,
        -0.2902963161468506,
        -0.03802063316106796
      ],
      [
        0.12535355985164642,
        -0.46730664372444153,
        -0.056914739310741425
      ],
      [
        0.0826636478304863,
        -0.4337868392467499,
        -0.01798282004892826
      ]
    ],
    "mid1": [
      [
        -0.2822873294353485,
        -0.24856697022914886,
        -7.348858162004035e-07
      ],
      [
        -0.20636363327503204,
        -0.004133826587349176,
        -0.0713881179690361
      ],
      [
        0.179789200425148,
        0.5,
        -0.16058725118637085
      ],
      [
        0.1346185952425003,
        0.030647195875644684,
        -0.03137877583503723
      ],
      [
        0.1028788611292839,
        -0.030835092067718506,
        -0.18355917930603027
      ],
      [
        0.14452655613422394,
        -0.149041086435318,
        -0.028446940705180168
      ],
      [
        0.08407358080148697,
        -0.17716002464294434,
        -0.12828432023525238
      ],
      [
        0.1296832114458084,
        -0.3123989999294281,
        -0.039683811366558075
      ],
      [
        0.07917982339859009,
        -0.3174246549606323,
        -0.06758624315261841
      ],
      [
        0.09340107440948486,
        -0.4628620147705078,
        -0.058117128908634186
      ],
      [
        0.07616375386714935,
        -0.4535391330718994,
        -0.046191539615392685
      ]
    ],