{
    "hello": {
        "start": [
            [
                -0.4854947328567505,
                0.462392657995224,
                1.1721061810021638e-06
            ],
            [
                -0.2577236592769623,
                0.5,
                -0.04562888666987419
            ],
            [
                0.1899472177028656,
                0.015623297542333603,
                -0.04822276160120964
            ],
            [
                0.06345544010400772,
                0.0018564414931461215,
                0.03055637888610363
            ],
            [
                0.47320595383644104,
                -0.3674203157424927,
                -0.1094452440738678
            ],
            [
                0.012057504616677761,
                -0.08077267557382584,
                0.011184878647327423
            ],
            [
                0.48549485206604004,
                -0.4634997248649597,
                -0.11274626851081848
            ],
            [
                -0.0685228556394577,
                -0.13531237840652466,
                -0.02461022138595581
            ],
            [
                0.42103809118270874,
                -0.5,
                -0.13302896916866302
            ],
            [
                -0.17916636168956757,
                -0.17297658324241638,
                -0.06781233102083206
            ],
            [
                0.24293836951255798,
                -0.4779766798019409,
                -0.14915578067302704
            ]
        ],
        "mid1": [
            [
                -0.4900134205818176,
                0.4678264558315277,
                1.1264369277341757e-06
            ],
            [
                -0.2661215662956238,
                0.5,
                -0.047346167266368866
            ],
            [
                0.18732047080993652,
                0.012363321147859097,
                -0.05747729167342186
            ],
            [
                0.06962228566408157,
                0.009095481596887112,
                0.02166307345032692
            ],
            [
                0.47615572810173035,
                -0.3644082546234131,
                -0.12169601768255234
            ],
            [
                0.01597069762647152,
                -0.07328105717897415,
                0.0014725879300385714
            ],
            [
                0.49001333117485046,
                -0.4601304531097412,
                -0.12935976684093475
            ],
            [
                -0.06765100359916687,
                -0.12859037518501282,
                -0.0348765067756176
            ],
            [
                0.4214770793914795,
                -0.5,
                -0.15016154944896698
            ],
            [
                -0.1815231591463089,
                -0.16785745322704315,
                -0.07876519858837128
            ],
            [
                0.2379876673221588,
                -0.47585204243659973,
                -0.17017124593257904
            ]
        ],
        "mid2": [
            [
                -0.3012857735157013,
                0.5000000596046448,
                9.454172982259479e-07
            ],
            [
                -0.10909956693649292,
                0.4665248990058899,
                -0.046661216765642166
            ],
            [
                0.1577795445919037,
                0.006337501108646393,
                -0.08033639192581177
            ],
            [
                0.06803564727306366,
                0.018230363726615906,
                0.0032323007471859455
            ],
            [
                0.3012858033180237,
                -0.3970321714878082,
                -0.1206170991063118
            ],
            [
                0.004736138973385096,
                -0.04349998012185097,
                -0.011737856082618237
            ],
            [
                0.28565797209739685,
                -0.48924520611763,
                -0.1285894215106964
            ],
            [
                -0.07874415814876556,
                -0.06667213886976242,
                -0.03921528905630112
            ],
            [
                0.2093910574913025,
                -0.4999999701976776,
                -0.14429615437984467
            ],
            [
                -0.18699407577514648,
                -0.061613425612449646,
                -0.07294915616512299
            ],
            [
                0.06040769815444946,
                -0.42009902000427246,
                -0.15919804573059082
            ]
        ],
        "end": [
            [
                -0.3023708760738373,
                0.5,
                9.77833337856282e-07
            ],
            [
                -0.11237519979476929,
                0.4682847559452057,
                -0.047394298017024994
            ],
            [
                0.15527455508708954,
                0.011398025788366795,
                -0.07853295654058456
            ],
            [
                0.06307056546211243,
                0.02300575003027916,
                0.002153293462470174
            ],
            [
                0.30237090587615967,
                -0.3970608413219452,
                -0.1197991892695427
            ],
            [
                0.0016133843455463648,
                -0.03928130865097046,
                -0.011881647631525993
            ],
            [
                0.29295527935028076,
                -0.48541179299354553,
                -0.1267029494047165
            ],
            [
                -0.08017194271087646,
                -0.06563780456781387,
                -0.03858758509159088
            ],
            [
                0.2175353467464447,
                -0.4999999701976776,
                -0.14439290761947632
            ],
            [
                -0.18662971258163452,
                -0.06601732969284058,
                -0.07161954790353775
            ],
            [
                0.06516312062740326,
                -0.4205138385295868,
                -0.15910367667675018
            ]
        ]
    },
    "thanks": {
        "start": [
            [
                -0.32809024363987904,
                0.500000105332278,
                9.659890123653536e-07
            ],
            [
                -0.35474088996927033,
                0.24225117829952833,
                0.023381517540036274
            ],
            [
                -0.328709913431614,
                -0.3177740003282154,
                -0.0036303559620070687
            ],
            [
                -0.168625285266142,
                -0.13365338897124704,
                -0.030702035156543777
            ],
            [
                0.18853066317412923,
                -0.4986661773631244,
                -0.09595906803475038
            ],
            [
                -0.09117014259673137,
                -0.047067096450449694,
                -0.07013416751582038
            ],
            [
                0.3045944043701941,
                -0.49999989466772193,
                -0.11186099646863004
            ],
            [
                -0.022355301363020743,
                0.0753370158902168,
                -0.1073626498693985
            ],
            [
                0.3547409953015484,
                -0.3899958140952705,
                -0.1501859483370456
            ],
            [
                0.03755011446458655,
                0.2210482120583128,
                -0.14167864206891131
            ],
            [
                0.32983517815796176,
                -0.1807249093773746,
                -0.17007281409716649
            ]
        ],