{
  "palmOpen": {
    "start": [
      [
        -0.14026811718940735,
        0.5,
        1.2237521787028527e-06
      ],
      [
        -0.00520251365378499,
        0.4479740858078003,
        -0.0813312828540802
      ],
      [
        0.24887050688266754,
        0.0813828781247139,
        -0.17180941998958588
      ],
      [
        0.02258608676493168,
        0.03819028288125992,
        -0.07925206422805786
      ],
      [
        0.09704218059778214,
        -0.41532576084136963,
        -0.20084232091903687
      ],
      [
        -0.06882505118846893,
        0.004767917096614838,
        -0.0727045089006424
      ],
      [
        -0.005765702575445175,
        -0.5,
        -0.1863509863615036
      ],
      [
        -0.15667276084423065,
        0.02276633307337761,
        -0.07439900189638138
      ],
      [
        -0.12452035397291183,
        -0.46629148721694946,
        -0.1776871234178543
      ],
      [
        -0.24309471249580383,
        0.08079712092876434,
        -0.08259928971529007
      ],
      [
        -0.23719939589500427,
        -0.29853686690330505,
        -0.16286347806453705
      ]
    ],
    "mid1": [
      [
        -0.1468093991279602,
        0.5,
        1.0634145155563601e-06
      ],
      [
        -0.008248195983469486,
        0.437815397977829,
        -0.07138282805681229
      ],
      [
        0.24570944905281067,
        0.05776280537247658,
        -0.15135015547275543
      ],
      [
        0.019248567521572113,
        0.017606202512979507,
        -0.05824417248368263
      ],
      [
        0.09570594877004623,
        -0.4137655198574066,
        -0.17311586439609528
      ],
      [
        -0.06822101771831512,
        -0.011183738708496094,
        -0.05777314305305481
      ],
      [
        -0.01208402682095766,
        -0.5,
        -0.16641086339950562
      ],
      [
        -0.15236327052116394,
        0.010056213475763798,
        -0.066350556910038
      ],
      [
        -0.12428564578294754,
        -0.46537289023399353,
        -0.16670243442058563
      ],
      [
        -0.2365303635597229,
        0.07022417336702347,
        -0.08152557164430618
      ],
      [
        -0.2392037957906723,
        -0.30410975217819214,
        -0.16167765855789185
      ]
    ],
    "mid2": [
      [
        -0.1421768069267273,
        0.5,
        1.0022815786214778e-06
      ],
      [
        -0.0094871511682868,
        0.43242910504341125,
        -0.07015461474657059
      ],
      [
        0.24091294407844543,
        0.05300714075565338,
        -0.1521717607975006
      ],
      [
        0.02484264224767685,
        0.012534337118268013,
        -0.05690727382898331
      ],
      [
        0.08985959738492966,
        -0.41684308648109436,
        -0.1704963594675064
      ],
      [
        -0.06238875165581703,
        -0.014495562762022018,
        -0.05702614039182663
      ],
      [
        -0.010138246230781078,
        -0.4999999403953552,
        -0.1632273644208908
      ],
      [
        -0.14639106392860413,
        0.006906323600560427,
        -0.06606532633304596
      ],
      [
        -0.1134447380900383,
        -0.4565289318561554,
        -0.16082754731178284
      ],
      [
        -0.23087343573570251,
        0.06708355247974396,
        -0.08190403878688812
      ],
      [
        -0.23375549912452698,
        -0.29829737544059753,
        -0.15487508475780487
      ]
    ],
    "end": [
      [
        -0.14066115021705627,
        0.5,
        9.844392252489342e-07
      ],
      [
        -0.007809984497725964,
        0.4289250075817108,
        -0.0672573372721672
      ],
      [
        0.24254582822322845,
        0.04399337247014046,
        -0.1495671421289444
      ],
      [
        0.024320997297763824,
        0.011834519915282726,
        -0.05735258758068085
      ],
      [
        0.08584867417812347,
        -0.42117640376091003,
        -0.17097486555576324
      ],
      [
        -0.06369613111019135,
        -0.014150962233543396,
        -0.05903266742825508
      ],
      [
        -0.017380526289343834,
        -0.5,
        -0.16402816772460938
      ],
      [
        -0.14789898693561554,
        0.008735675364732742,
        -0.06926711648702621
      ],
      [
        -0.12422030419111252,
        -0.45744600892066956,
        -0.16138628125190735
      ],
      [
        -0.23188117146492004,
        0.06979064643383026,
        -0.08607961237430573
      ],
      [
        -0.2352372705936432,
        -0.29160621762275696,
        -0.15485836565494537
      ]
    ]
  },
  "thumbsUp": {
    "start": [
      [
        -0.26819562911987305,
        0.4796966016292572,
        -9.353515793009137e-07
      ],
      [
        -0.22294719517230988,
        0.21391472220420837,
        -0.025739382952451706
      ],
      [
        -0.010287486016750336,
        -0.5,
        -0.15579740703105927
      ],
      [
        -0.04897306486964226,
        -0.07909035682678223,
        -0.1591406911611557
      ],
      [
        0.09130225330591202,
        0.023199085146188736,
        -0.25639811158180237
      ],
      [
        -0.029787300154566765,
        0.10239264369010925,
        -0.1824309378862381
      ],
      [
        0.08679097145795822,
        0.17999574542045593,
        -0.20132417976856232
      ],
      [
        -0.0007604146958328784,
        0.2962823510169983,
        -0.2024213671684265
      ],
      [
        0.08575344830751419,
        0.354787141084671,
        -0.13369779288768768
      ],
      [
        0.03067626617848873,
        0.48253005743026733,
        -0.22364038228988647
      ],
      [
        0.07208628207445145,
        0.5,
        -0.13800202310085297
      ]
    ],
    "mid1": [
      [
        -0.2638362944126129,
        0.4679775536060333,
        -9.409987455910596e-07
      ],
      [
        -0.21860569715499878,
        0.20090657472610474,
        -0.02726048231124878
      ],
      [
        -0.004816886503249407,
        -0.5,
        -0.14094287157058716
      ],
      [
        -0.046272002160549164,
        -0.06070713326334953,
        -0.15019994974136353
      ],
      [
        0.0884714424610138,
        0.015377349220216274,
        -0.25418588519096375
      ],
      [
        -0.01859155111014843,
        0.12782151997089386,
        -0.17013676464557648
      ],
      [
        0.08978819847106934,
        0.17252548038959503,
        -0.1825975775718689
      ],
      [
        0.015378611162304878,
        0.3197476863861084,
        -0.18824468553066254
      ],
      [
        0.09261708706617355,
        0.3374571204185486,
        -0.1194952055811882
      ],
      [
        0.05145925655961037,
        0.5,
        -0.2075526863336563
      ],
      [
        0.08318616449832916,
        0.4859338700771332,
        -0.12068616598844528
      ]
    ],