{
  "one": {
    "start": [
      [
        -0.006148587446659803,
        0.5,
        1.6282737647088652e-07
      ],
      [
        0.09046502411365509,
        0.4218336045742035,
        -0.08567473292350769
      ],
      [
        0.03666448965668678,
        0.11456388235092163,
        -0.20256036520004272
      ],
      [
        0.1244024932384491,
        -0.006364904809743166,
        -0.07862841337919235
      ],
      [
        0.11629233509302139,
        -0.5000000596046448,
        -0.21114520728588104
      ],
      [
        0.0314527191221714,
        0.024777356535196304,
        -0.07360746711492538
      ],
      [
        0.032464902848005295,
        0.18919412791728973,
        -0.2001529335975647
      ],
      [
        -0.05132580175995827,
        0.08187449723482132,
        -0.07831063866615295
      ],
      [
        -0.010672131553292274,
        0.2659943699836731,
        -0.13602304458618164
      ],
      [
        -0.12341846525669098,
        0.15585137903690338,
        -0.08968178182840347
      ],
      [
        -0.0676414743065834,
        0.27546170353889465,
        -0.11413989216089249
      ]
    ],
    "mid1": [
      [
        -0.010836529545485973,
        0.5,
        1.3596662995496445e-07
      ],
      [
        0.09525071084499359,
        0.4140159785747528,
        -0.07169491052627563
      ],
      [
        0.016116512939333916,
        0.0926607996225357,
        -0.16603101789951324
      ],
      [
        0.11360626667737961,
        -0.016017287969589233,
        -0.059084247797727585
      ],
      [
        0.09593852609395981,
        -0.5,
        -0.17377187311649323
      ],
      [
        0.021708521991968155,
        0.01646851748228073,
        -0.05976691469550133
      ],
      [
        0.019808072596788406,
        0.1699983775615692,
        -0.18455827236175537
      ],
      [
        -0.05845128744840622,
        0.07638482004404068,
        -0.0683988556265831
      ],
      [
        -0.01797127164900303,
        0.25661811232566833,
        -0.13063162565231323
      ],
      [
        -0.12630130350589752,
        0.15058913826942444,
        -0.08282402157783508
      ],
      [
        -0.06662436574697495,
        0.26755842566490173,
        -0.10835699737071991
      ]
    ],
    "mid2": [
      [
        -0.015970483422279358,
        0.5,
        1.0624717816654083e-07
      ],
      [
        0.08692653477191925,
        0.4148973226547241,
        -0.07082100957632065
      ],
      [
        0.005152535624802113,
        0.09181933104991913,
        -0.15586939454078674
      ],
      [
        0.1052415668964386,
        -0.022202683612704277,
        -0.054667141288518906
      ],
      [
        0.08470942080020905,
        -0.4999999403953552,
        -0.16350214183330536
      ],
      [
        0.012486642226576805,
        0.010083031840622425,
        -0.05469750985503197
      ],
      [
        0.029821768403053284,
        0.17330382764339447,
        -0.16736555099487305
      ],
      [
        -0.06659463793039322,
        0.06759576499462128,
        -0.06323856860399246
      ],
      [
        -0.016724586486816406,
        0.23887094855308533,
        -0.11723233014345169
      ],
      [
        -0.13368694484233856,
        0.14037106931209564,
        -0.07797320187091827
      ],
      [
        -0.07002744823694229,
        0.2538312077522278,
        -0.10287516564130783
      ]
    ],
    "end": [
      [
        -0.009251373820006847,
        0.5,
        8.534811257732144e-08
      ],
      [
        0.09231119602918625,
        0.4060623347759247,
        -0.06603853404521942
      ],
      [
        0.0020754612050950527,
        0.10668831318616867,
        -0.1509559601545334
      ],
      [
        0.1073707640171051,
        -0.02456532046198845,
        -0.05194907262921333
      ],
      [
        0.08459792286157608,
        -0.5,
        -0.15865744650363922
      ],
      [
        0.015218042768537998,
        0.012683248147368431,
        -0.05443323776125908
      ],
      [
        0.02546616643667221,
        0.1708664894104004,
        -0.16846586763858795
      ],
      [
        -0.06285519152879715,
        0.07458724826574326,
        -0.06465950608253479
      ],
      [
        -0.01456344686448574,
        0.24683444201946259,
        -0.11985714733600616
      ],
      [
        -0.12893100082874298,
        0.15174144506454468,
        -0.08056849241256714
      ],
      [
        -0.06594207137823105,
        0.25990670919418335,
        -0.100589819252491
      ]
    ]
  },
  "palmOpen": {
    "start": [
      [
        -0.11090922355651855,
        0.5,
        1.2126354249630822e-06
      ],
      [
        0.024048317223787308,
        0.43552684783935547,
        -0.08356605470180511
      ],
      [
        0.2727683186531067,
        0.07533866912126541,
        -0.17366594076156616
      ],
      [
        0.029519258067011833,
        0.013237294740974903,
        -0.06792435795068741
      ],
      [
        0.08274482190608978,
        -0.42605921626091003,
        -0.18473143875598907
      ],
      [
        -0.06436627358198166,
        -0.010199089534580708,
        -0.06069288030266762
      ],
      [
        -0.032983697950839996,
        -0.5000000596046448,
        -0.17066338658332825
      ],
      [
        -0.1510239541530609,
        0.01762469671666622,
        -0.06285233795642853
      ],
      [
        -0.15268471837043762,
        -0.4514382779598236,
        -0.1669303923845291
      ],
      [
        -0.23369048535823822,
        0.0865495428442955,
        -0.07223890721797943
      ],
      [
        -0.2727683186531067,
        -0.27718597650527954,
        -0.15393699705600739
      ]
    ],
    "mid1": [
      [
        -0.11094588786363602,
        0.5000000596046448,
        1.061560965354147e-06
      ],
      [
        0.02315979078412056,
        0.42744171619415283,
        -0.07385752350091934
      ],
      [
        0.2708168923854828,
        0.05027389898896217,
        -0.15661324560642242
      ],
      [
        0.028169268742203712,
        0.0021921019069850445,
        -0.05674190819263458
      ],
      [
        0.07778093963861465,
        -0.4381898045539856,
        -0.1678096204996109
      ],
      [
        -0.06025414168834686,
        -0.019759302958846092,
        -0.053822703659534454
      ],
      [
        -0.030636658892035484,
        -0.4999999701976776,
        -0.1560675948858261
      ],
      [
        -0.1424138844013214,
        0.008229604922235012,
        -0.060100257396698
      ],
      [
        -0.15154112875461578,
        -0.4582046866416931,
        -0.15549248456954956
      ],
      [
        -0.2206687182188034,
        0.07662655413150787,
        -0.07339323312044144
      ],
      [
        -0.2708168923854828,
        -0.2819807827472687,
        -0.14874102175235748
      ]
    ],