{
  "palmOpen": {
    "start": [
      [
        -0.14026811718940735,
        0.5,
        1.2237521787028527e-06
      ],
      [
        -0.00520251365378499,
        0.4479740858078003,
        -0.0813312828540802
      ],
      [
        0.24887050688266754,
        0.0813828781247139,
        -0.17180941998958588
      ],
      [
        0.02258608676493168,
        0.03819028288125992,
        -0.07925206422805786
      ],
      [
        0.09704218059778214,
        -0.41532576084136963,
        -0.20084232091903687
      ],
      [
        -0.06882505118846893,
        0.004767917096614838,
        -0.0727045089006424
      ],
      [
        -0.005765702575445175,
        -0.5,
        -0.1863509863615036
      ],
      [
        -0.15667276084423065,
        0.02276633307337761,
        -0.07439900189638138
      ],
      [
        -0.12452035397291183,
        -0.46629148721694946,
        -0.1776871234178543
      ],
      [
        -0.24309471249580383,
        0.08079712092876434,
        -0.08259928971529007
      ],
      [
        -0.23719939589500427,
        -0.29853686690330505,
        -0.16286347806453705
      ]
    ],
    "mid1": [
      [
        -0.1468093991279602,
        0.5,
        1.0634145155563601e-06
      ],
      [
        -0.008248195983469486,
        0.437815397977829,
        -0.07138282805681229
      ],
      [
        0.24570944905281067,
        0.05776280537247658,
        -0.15135015547275543
      ],
      [
        0.019248567521572113,
        0.017606202512979507,
        -0.05824417248368263
      ],
      [
        0.09570594877004623,
        -0.4137655198574066,
        -0.17311586439609528
      ],
      [
        -0.06822101771831512,
        -0.011183738708496094,
        -0.05777314305305481
      ],
      [
        -0.01208402682095766,
        -0.5,
        -0.16641086339950562
      ],
      [
        -0.15236327052116394,
        0.010056213475763798,
        -0.066350556910038
      ],
      [
        -0.12428564578294754,
        -0.46537289023399353,
        -0.16670243442058563
      ],
      [
        -0.2365303635597229,
        0.07022417336702347,
        -0.08152557164430618
      ],
      [
        -0.2392037957906723,
        -0.30410975217819214,
        -0.16167765855789185
      ]
    ],
    "mid2": [
      [
        -0.1421768069267273,
        0.5,
        1.0022815786214778e-06
      ],
      [
        -0.0094871511682868,
        0.43242910504341125,
        -0.07015461474657059
      ],
      [
        0.24091294407844543,
        0.05300714075565338,
        -0.1521717607975006
      ],
      [
        0.02484264224767685,
        0.012534337118268013,
        -0.05690727382898331
      ],
      [
        0.08985959738492966,
        -0.41684308648109436,
        -0.1704963594675064
      ],
      [
        -0.06238875165581703,
        -0.014495562762022018,
        -0.05702614039182663
      ],
      [
        -0.010138246230781078,
        -0.4999999403953552,
        -0.1632273644208908
      ],
      [
        -0.14639106392860413,
        0.006906323600560427,
        -0.06606532633304596
      ],
      [
        -0.1134447380900383,
        -0.4565289318561554,
        -0.16082754731178284
      ],
      [
        -0.23087343573570251,
        0.06708355247974396,
        -0.08190403878688812
      ],
      [
        -0.23375549912452698,
        -0.29829737544059753,
        -0.15487508475780487
      ]
    ],
    "end": [
      [
        -0.14066115021705627,
        0.5,
        9.844392252489342e-07
      ],
      [
        -0.007809984497725964,
        0.4289250075817108,
        -0.0672573372721672
      ],
      [
        0.24254582822322845,
        0.04399337247014046,
        -0.1495671421289444
      ],
      [
        0.024320997297763824,
        0.011834519915282726,
        -0.05735258758068085
      ],
      [
        0.08584867417812347,
        -0.42117640376091003,
        -0.17097486555576324
      ],
      [
        -0.06369613111019135,
        -0.014150962233543396,
        -0.05903266742825508
      ],
      [
        -0.017380526289343834,
        -0.5,
        -0.16402816772460938
      ],
      [
        -0.14789898693561554,
        0.008735675364732742,
        -0.06926711648702621
      ],
      [
        -0.12422030419111252,
        -0.45744600892066956,
        -0.16138628125190735
      ],
      [
        -0.23188117146492004,
        0.06979064643383026,
        -0.08607961237430573
      ],
      [
        -0.2352372705936432,
        -0.29160621762275696,
        -0.15485836565494537
      ]
    ]
  },
  "thumbsUp": {
    "start": [
      [
        -0.26819563039844424,
        0.4796965907711128,
        -9.353515611362915e-07
      ],
      [
        -0.22294719227914647,
        0.21391471748088217,
        -0.02573938271717426
      ],
      [
        -0.010287485879639763,
        -0.5,
        -0.1557974019725621
      ],
      [
        -0.04897306380966775,
        -0.07909035861902035,
        -0.15914069375412124
      ],
      [
        0.091302254246309,
        0.023199085838519134,
        -0.25639811027340265
      ],
      [
        -0.029787299787008614,
        0.10239264218061345,
        -0.18243094418389716
      ],
      [
        0.08679096875327445,
        0.17999574532228094,
        -0.2013241867336059
      ],
      [
        -0.0007604147003472871,
        0.29628234659341546,
        -0.20242136818788561
      ],
      [
        0.08575344538770553,
        0.3547871363741074,
        -0.13369780022465808
      ],
      [
        0.03067626596964957,
        0.4825300714401589,
        -0.22364038485421886
      ],
      [
        0.07208628359645451,
        0.5,
        -0.13800202176422152
      ]
    ],
    "mid1": [
      [
        -0.26383629535133085,
        0.46797755600710295,
        -9.409987199528048e-07
      ],
      [
        -0.21860570207552193,
        0.20090658016005689,
        -0.02726048206619681
      ],
      [
        -0.0048168864919090285,
        -0.5,
        -0.14094287034801156
      ],
      [
        -0.046272003553023994,
        -0.060707134077739484,
        -0.15019994494986866
      ],
      [
        0.08847144264731345,
        0.015377349627343998,
        -0.2541858772731473
      ],
      [
        -0.01859155131891263,
        0.12782151334286293,
        -0.17013676444211856
      ],
      [
        0.08978820063715286,
        0.17252548106749116,
        -0.18259757082560443
      ],
      [
        0.01537861135461369,
        0.3197477011329146,
        -0.18824468599296384
      ],
      [
        0.0926170902317463,
        0.33745711097842485,
        -0.11949520524226329
      ],
      [
        0.051459255526559555,
        0.5,
        -0.20755268002518795
      ],
      [
        0.0831861641705172,
        0.48593387617369754,
        -0.12068616659691579
      ]
    ],